<?xml version="1.0" encoding="UTF-8"?>
<html xmlns="http://www.w3.org/1999/xhtml"
    xmlns:ev="http://www.w3.org/2001/xml-events"
    xmlns:w2="http://www.inswave.com/websquare" xmlns:xf="http://www.w3.org/2002/xforms">
    <head>
        <w2:buildDate/>
        <xf:model>
            <xf:instance>
                <data xmlns=""/>
            </xf:instance>
        </xf:model>
        <script type="javascript" lazy="false"><![CDATA[ 
        ]]></script>
    </head>
    <body>
    </body>
</html>