<?xml version="1.0" encoding="UTF-8"?>
<hashtable>
	<data hashkey="head">
		<properties>
			<property name="meta_screenId" default="" description="ID"  necessary="no" type="string"/>
			<property name="meta_screenName" default="" description="이름"  necessary="no" type="string"/>
			<property name="meta_subsystem" default="" description="단위업무명"  necessary="no" type="string"/>
			<property name="meta_author" default="" description="작성자"  necessary="no" type="string"/>
			<property name="meta_type" default="" description="유형"  necessary="no" type="combobox">
				<option name="메인" value="메인"/>
				<option name="서브" value="서브"/>
				<option name="팝업" value="팝업"/>
			</property>
			<property name="meta_desc" default="" description="개요"  necessary="no" type="multiline"/>
			<property name="meta_process" default="" description="기능 정의"  necessary="no" type="multiline"/>
			<property name="meta_etc" default="" description="비고"  necessary="no" type="multiline"/>
		</properties>
	</data>
	<data hashkey="history">
        <properties>
            <property name="meta_no" default="" description="개정번호" hidden="N" necessary="Y" type="string"/>
            <property name="meta_desc" default="" description="제/개정 페이지 및 수정 내용" hidden="N" necessary="Y" type="multiline"/>
            <property name="meta_date" default="" description="제/개정 일자" hidden="N" necessary="Y" type="string"/>
            <property name="meta_user" default="" description="제/개정자" hidden="N" necessary="Y" type="string"/>
        </properties>
    </data>
	<data hashkey="submission">
		<properties>
			<property name="meta_name" default="" description="submission 명"  necessary="no" type="string"/>
			<property name="meta_desc" default="" description="submission 설명"  necessary="no" type="multiline"/>
			<property name="meta_process" default="" description="submission 처리절차"  necessary="no" type="multiline"/>
			<property name="meta_rule" default="" description="submission 업무규칙"  necessary="no" type="multiline"/>
			<property name="meta_etc" default="" description="비고"  necessary="no" type="multiline"/>
		</properties>
	</data>
	<data hashkey="workflow">
		<properties>
			<property name="meta_name" default="" description="submission 명"  necessary="no" type="string"/>
			<property name="meta_desc" default="" description="submission 설명"  necessary="no" type="multiline"/>
			<property name="meta_process" default="" description="submission 처리절차"  necessary="no" type="multiline"/>
			<property name="meta_rule" default="" description="submission 업무규칙"  necessary="no" type="multiline"/>
			<property name="meta_etc" default="" description="비고"  necessary="no" type="multiline"/>
		</properties>
	</data>
	<data hashkey="dataCollection">
		<properties>
			<property name="meta_name" default="" description="dataCollection 명"  necessary="no" type="string"/>
			<property name="meta_desc" default="" description="dataCollection 설명"  necessary="no" type="multiline"/>
		</properties>
	</data>
	<data hashkey="event">
		<properties>
			<property name="metaev_name" default="" description="event명"  necessary="no" type="string"/>
			<property name="metaev_desc" default="" description="event 설명"  necessary="no" type="multiline"/>
			<property name="metaev_process" default="" description="event 처리절차"  necessary="no" type="multiline"/>
			<property name="metaev_rule" default="" description="event 업무규칙"  necessary="no" type="multiline"/>
			<property name="metaev_etc" default="" description="비고"  necessary="no" type="multiline"/>
		</properties>
	</data>
	<data hashkey="component">
		<properties>
			<property name="meta_name" default="" description="component명"  necessary="no" type="string"/>
			<property name="meta_desc" default="" description="component 설명"  necessary="no" type="multiline"/>
		</properties>
	</data>
	<data hashkey="metaConfig">
		<metainfo use="false" kormeta="" engmeta="" typemeta="" lengthmeta="" virtualpointmeta="">
			<rtrvmeta url="http://" mediatype="" encoding="" timeout="30" />
			<changemeta url="http://" mediatype="" encoding="" timeout="30" />
		</metainfo>
	</data>
</hashtable>