<?xml version="1.0" encoding="UTF-8"?>
<html xmlns="http://www.w3.org/1999/xhtml"
xmlns:ev="http://www.w3.org/2001/xml-events"
xmlns:w2="http://www.inswave.com/websquare"
xmlns:xf="http://www.w3.org/2002/xforms">
	<head>

		<w2:type palette="support">COMPONENT</w2:type>
		<w2:buildDate />
		<w2:publicInfo method="scwin.setDataList" component="dlt_codeList,adlt_dataList,adlt_dataMap"></w2:publicInfo>
		<w2:layoutInfo></w2:layoutInfo>
		<xf:model>
			<xf:instance>
				<data xmlns="" />
			</xf:instance>
			<w2:dataCollection baseNode="map">

				<w2:dataList baseNode="list" repeatNode="map" id="dlt_codeList" saveRemovedData="true">
					<w2:columnInfo>
						<w2:column id="CODE_NM" name="name1" dataType="text"></w2:column>
						<w2:column id="COM_CD" name="name2" dataType="text"></w2:column>
						<w2:column id="GRP_CD" name="name3" dataType="text"></w2:column>
					</w2:columnInfo>
				</w2:dataList>
				<w2:aliasDataList scope="" id="adlt_dataList"></w2:aliasDataList>
				<w2:aliasDataMap scope="" id="adlt_dataMap"></w2:aliasDataMap>
			</w2:dataCollection>

		</xf:model>

		<script type="text/javascript" lazy="false"><![CDATA[
/**
 * @component
 * @company 
 * @developer user
 * @variableClone true
 * @notSupportBrowser 
 * @version 
 * @htmlRender 
 * @icon 
 * @disableIcon 
 * @width 100%
 * @height 26px
 * @description 
 */ 

	/**
	 * @property
	 * @name id
	 * @category 01.Basic & ETC
	 * @type string
	 * @option 
	 * @default 
	 * @necessary N
	 * @description desc
	 */ 

	/**
	 * @property
	 * @name class
	 * @category 01.Basic & ETC
	 * @type string
	 * @option 
	 * @default 
	 * @necessary N
	 * @description desc
	 */ 

	/**
	 * @property
	 * @name style
	 * @category 01.Basic & ETC
	 * @type string
	 * @option 
	 * @default 
	 * @necessary N
	 * @description desc
	 */ 

	scwin.onpageload = function() {
		scwin.initUdc();
	};
	
	scwin.initUdc = function (){
		
		scwin.dataListInfo = $c.common.getCodeDataListInfo( $p );
		
		var columnInfoJson = {};
		var columnInfoList = [];
	
		var len = scwin.dataListInfo.FILED_ARR.length;
		
		
		for( var j = 0 ; j < len ; j++){
			columnInfoJson = {
				"id"   : scwin.dataListInfo.FILED_ARR[j],
				"name" : scwin.dataListInfo.FILED_ARR[j],
				"dataType" : "text"
			};	
			columnInfoList.push(columnInfoJson);
		}
		
		$c.common.createDataList ( $p , scwin.dataListInfo.DATALIST , columnInfoList );
		
		
		$p.getComponentById( "selCodeList" ).setNodeSet("data:" +scwin.dataListInfo.DATALIST, 
														 scwin.dataListInfo.LABEL , 
														 scwin.dataListInfo.VALUE);
		var options = $p.getOptions();
	   
	   if (options.refDataList){
	   		var bindGrid = $p.data.bindPath(options.refDataList);
		 	adlt_dataList.setScope( "../" + bindGrid.collectionId );
		 	selCodeList.setRef("data:adlt_dataList."  + options.refColumn);	
		 	
	   } else if (options.refDataMap){
     	   var bindDataMap = $p.data.bindPath(options.refDataMap);
     	   adlt_dataMap.setScope( "../" + bindDataMap.collectionId );
		   selCodeList.setRef("data:adlt_dataMap."  + options.refColumn);	
	   }
	   
	  								 
	};
	
	 
	 scwin.setDataList = function( jsonData , code ){
		
		$p.getComponentById( scwin.dataListInfo.DATALIST ).setJSON( jsonData );
		 	
	 };
	 

	]]></script>
	</head>
	<body ev:onpageload="scwin.onpageload">
		<xf:select1 submenuSize="auto" chooseOptionLabel="선택" chooseOption="true" allOption="" ref="" appearance="minimal"
			disabledClass="w2selectbox_disabled" disabled="false" style="" id="selCodeList" class="req" direction="auto">
			<xf:choices></xf:choices>
		</xf:select1>
	</body>
</html>
