<?xml version="1.0" encoding="UTF-8"?>
<html xmlns="http://www.w3.org/1999/xhtml"
xmlns:ev="http://www.w3.org/2001/xml-events"
xmlns:w2="http://www.inswave.com/websquare"
xmlns:xf="http://www.w3.org/2002/xforms">
	<head meta_screenId="$c.data" meta_screenName="외부 솔루션 연동 관련 함수" meta_desc="외부 솔루션 연동 관련 함수를 작성한다.">
		<w2:type>COMMON</w2:type>
		<w2:buildDate/>
		<w2:MSA/>
		<xf:model>
			<w2:dataCollection baseNode="map">
			</w2:dataCollection>
			<w2:workflowCollection>
			</w2:workflowCollection>
		</xf:model>
		<w2:layoutInfo>
		</w2:layoutInfo>
		<w2:publicInfo method=""/>
		<script lazy="false" type="text/javascript"><![CDATA[
scwin.onpageload = function () {

};
]]></script>
	</head>
	<body ev:onpageload="scwin.onpageload"/>
</html>
